Time (ps),MSD (nm^2)
0.0,0.0
10.0,491.0374755859375
20.0,661.9440307617188
30.0,795.9281616210938
40.0,894.1421508789062
50.0,1001.2863159179688
60.0,1090.5106201171875
70.0,1170.6500244140625
80.0,1260.1273193359375
90.0,1339.25048828125
