Time (ps),RMSD (nm)
10.0,0.0
20.0,0.912950969585513
30.0,1.0503482506446558
40.0,1.2457623101964426
50.0,1.304903157495437
60.0,1.2825522922421553
70.0,1.375856958077885
80.0,1.4566571480553592
90.0,1.4596050532057194
100.0,1.4875539331119314
